ObjectId	ISO2	ISO3	Indicator	1980	1981	1982	1983	1984	1985	1986	1987	1988	1989	1990	1991	1992	1993	1994	1995	1996	1997	1998	1999	2000	2001	2002	2003	2004	2005	2006	2007	2008	2009	2010	2011	2012	2013	2014	2015	2016	2017	2018	2019	2020	2021	2022
1	AF	AFG	Drought																					1						1		1			1							1			1	
2	AF	AFG	Extreme temperature											1	1										2				1			1				1										
3	AF	AFG	Flood	1								1			3	2			2	1	2	1	1			4	8	2	8	7	7	1	3	2	2	6	4	2	1	4	1	3	6	5	2	5
4	AF	AFG	Landslide								1						2		1		1	1				1				2			1	2		3	1		4		2	1	1	1	1	1
5	AF	AFG	Storm														1												1	2					1			1			2			1		
6	AF	AFG	TOTAL	1							1	1		1	4	2	3		3	1	3	2	2	1	2	5	8	2	10	12	7	3	4	4	4	10	5	3	5	4	5	5	7	7	4	6
7	AF	AFG	Wildfire																				1																							
8	AL	ALB	Drought										1																																	
9	AL	ALB	Extreme temperature						1																			1			1					1					1					
10	AL	ALB	Flood													1			2		1					1		1	1				1	1					3	1	1	1			1	
11	AL	ALB	Landslide						1																																					
12	AL	ALB	Storm																							1			1																	
13	AL	ALB	TOTAL						2				1			1			2		1					2		2	2		2		1	1		1			3	1	2	1			1	
14	AL	ALB	Wildfire																												1															
15	DZ	DZA	Drought		1																																									
16	DZ	DZA	Extreme temperature																								1														1		1			
17	DZ	DZA	Flood		1	1		1	1							1	1	2		1	1		1	4	1	3	3	2	2	1	6	1	2		1	2			2			1			2	
18	DZ	DZA	Landslide														1																													
19	DZ	DZA	Storm									1												1			1		1																	
20	DZ	DZA	TOTAL		2	1		1	1			1				1	2	3		1	1		1	5	1	3	5	2	3	1	7	1	2		1	2			2		1	1	1		3	1
21	DZ	DZA	Wildfire															1													1														1	1
22	AS	ASM	Flood																								1																			
23	AS	ASM	Storm										1															1	1																	
24	AS	ASM	TOTAL										1														1	1	1																	
25	AO	AGO	Drought		1				1				1								1				1			1								1					1			1		
26	AO	AGO	Flood										1											4	2	1	2	3	1	1	2	1	3	3	4		1		3	4	1	1	3	2	2	
27	AO	AGO	Landslide																					1																						
28	AO	AGO	TOTAL		1				1				2								1			5	3	1	2	4	1	1	2	1	3	3	4	1	1		3	4	2	1	3	3	2	
29	AI	AIA	Storm																				1																		1					
30	AI	AIA	TOTAL																				1																		1					
31	AG	ATG	Drought				1																																							
32	AG	ATG	Storm										1	1					1			1	2									1		1							1					
33	AG	ATG	TOTAL				1						1	1					1			1	2									1		1							1					
34	AR	ARG	Drought																								1						1									1	1			
35	AR	ARG	Extreme temperature																1					1	1	1		1			1			1												
36	AR	ARG	Flood	2		1	2		2	1	1	1		1		2	3		2		1	1		4	3	1	2	2		1	2	1	2			1	1	3	3	2	3	3	3	1	1	
37	AR	ARG	Landslide					1																									1					1			1					
38	AR	ARG	Storm							1	1						1		1			1		2	2	1	1		1				1			2	1		1			1		1		
39	AR	ARG	TOTAL	2		1	2	1	2	2	3	1		1		2	4	1	4		1	2	1	8	7	3	4	3	1	1	3	1	5	1		3	2	4	4	2	4	5	4	2	2	1
40	AR	ARG	Wildfire								1							1					1	1	1																				1	1
41	AM	ARM	Drought																					1																						
42	AM	ARM	Extreme temperature																																		1									
43	AM	ARM	Flood																		1	1						1																		
44	AM	ARM	Landslide																																					1						
45	AM	ARM	Storm																																		1					1	1	1		
46	AM	ARM	TOTAL																		1	1		1				1									2			1		1	1	1		
47	AU	AUS	Drought		1										1	1										1				1												1				
48	AU	AUS	Extreme temperature														1	2	1														1					1				1				
49	AU	AUS	Flood		1			1		1		2	1	2			1			2	1	6		1	4		4	3	1	1	1	4	2	5	1	2			1	1		1	1	1	4	5
50	AU	AUS	Landslide																	1	1																									
51	AU	AUS	Storm			3			1	3		1	2	1	2	2	2	4	4	6			4	3	3	3	5	3	2	3	1	1	2	3	1		1	1	4	1	2			2	2	
52	AU	AUS	TOTAL		2	3	1	1	3	4		3	3	4	3	3	4	8	5	9	4	6	5	5	9	5	10	6	4	8	2	5	6	8	3	2	3	4	8	3	3	3	3	3	7	5
53	AU	AUS	Wildfire				1		2					1				2			2		1	1	2	1	1		1	3			1		1		2	2	3	1	1		2		1	
54	AT	AUT	Extreme temperature																								1		1		1		1			1							1			
55	AT	AUT	Flood	1		1	1		1						1				1	1	1		1			1			2	1			2				1			1					1	
56	AT	AUT	Landslide			1		1															1	1																						
57	AT	AUT	Storm		1			1						5	1		1	1						1		2					1	1	1								2		1			1
58	AT	AUT	TOTAL	1	1	2	1	2	1					5	2		1	1	1	1	1		2	2		3	1		3	1	2	1	4			1	1			1	2		2		1	1
59	AZ	AZE	Drought																					1																						
60	AZ	AZE	Extreme temperature																																	1										
61	AZ	AZE	Flood																3		1						1						1	1												
62	AZ	AZE	Landslide																					1																						
63	AZ	AZE	TOTAL																3		1			2			1						1	1		1										
64		AZO	Landslide																		1																									
65		AZO	Storm																	1																										
66		AZO	TOTAL																	1	1																									
67	BS	BHS	Flood									1																									1									
68	BS	BHS	Storm											1		1			1				1		1			3	1		1	2			1	1			1	1	1		1			
69	BS	BHS	TOTAL									1		1		1			1				1		1			3	1		1	2			1	1	1		1	1	1		1			
70	BD	BGD	Drought			1							1																				1													
71	BD	BGD	Extreme temperature										2	2	1			1	1	1	1	1		1	1	1	2		2		1		1		2	1						1	1			
72	BD	BGD	Flood	1		1	4	1	2	2	2	2	1	2	3	3	3	4	4	2	1	1	5	3	2	1	2	3	3	2	2	2	2	2	1	2		2	2	1	2	2	1	1	1	1
73	BD	BGD	Landslide																													1		1	1				1		1		1			
74	BD	BGD	Storm	1	3		4		3	4	1	4	2	4	2	2	8	4	4	4	5	5	6	7	4	4	3	4	7	5	2	2	2	3	1	2	3	2	4	2	2	1	3	1	1	1
75	BD	BGD	TOTAL	2	3	2	8	1	5	6	3	6	6	8	6	5	11	9	9	7	7	7	11	11	7	6	7	7	12	7	5	5	6	6	5	5	3	4	7	3	5	4	6	2	2	2
76	BB	BRB	Drought																															1												
77	BB	BRB	Flood					1																																						
78	BB	BRB	Storm	1							1								1							1		1						1							1				1	
79	BB	BRB	TOTAL	1				1			1								1							1		1						2							1				1	
80	BY	BLR	Extreme temperature																					1					1							1	1	1			1					
81	BY	BLR	Flood														1			1			1																			1				
82	BY	BLR	Storm																		1										1															
83	BY	BLR	TOTAL														1			1	1		1	1					1		1					1	1	1			1	1				
84	BE	BEL	Extreme temperature						1																		1		2	1		1				1			1			1	3	1		
85	BE	BEL	Flood														2	1				1				4	1		1					1	1					1					1	
86	BE	BEL	Storm					1	1					6					1			1	2			1					1	1		2	1		2	1		1		1		1	2	1
87	BE	BEL	TOTAL					1	2					6			2	1	1			2	2			5	2		3	1	1	2		3	2	1	2	1	1	2		2	3	2	3	1
88	BZ	BLZ	Extreme temperature											1																																
89	BZ	BLZ	Flood											1					1													1							1							
90	BZ	BLZ	Storm																			1		1	2				2		1	1		1						1				1		1
91	BZ	BLZ	TOTAL											2					1			1		1	2				2		1	2		1					1	1				1		1
92	BJ	BEN	Drought	1																																										
93	BJ	BEN	Flood			1			1			1			1			1	1	1	1	1	1								1	1	2	1	1	1	1							1	1	1
94	BJ	BEN	Storm																														1													
95	BJ	BEN	TOTAL	1		1		1	1			1			1			1	1	1	1	1	1								1	1	3	1	1	1	2							1	1	1
96	BJ	BEN	Wildfire					1																													1									
97	BM	BMU	Storm						1	1	1		1														1																			
98	BM	BMU	TOTAL						1	1	1		1														1																			
99	BT	BTN	Flood															1						1				1																	1	
100	BT	BTN	Storm															1															1													
101	BT	BTN	TOTAL															2					1	1				1					1												1	
102	BT	BTN	Wildfire																				1																							
103	BO	BOL	Drought				2					1		1				1						1				1				1		1			1	1		1						
104	BO	BOL	Extreme temperature																					1	1						1			1			1									
105	BO	BOL	Flood	1		1	1	1	1	1	1					2					2		1	2	1	1	3			2	2		1	1	1	1	2	2	1	2		1	2	2	7	1
106	BO	BOL	Landslide													1		1		1		1					1								1		1	1					1			
107	BO	BOL	Storm																							1						1														
108	BO	BOL	TOTAL	1		1	3	1	1	1	1	1		1		3		2		1	2	1	2	4	2	3	4	1	1	2	3	2	1	4	2	1	5	4	1	3		1	4	3	7	1
109	BO	BOL	Wildfire																				1			1			1					1									1	1		
110	BA	BIH	Drought																					1			1																			
111	BA	BIH	Extreme temperature																												1		1	1		1										
112	BA	BIH	Flood																						1			2	1				2	2				4	1				2	1	1	1
113	BA	BIH	Landslide																					1																						
114	BA	BIH	Storm																				1						1																	
115	BA	BIH	TOTAL																				1	2	1		1	2	2		1		3	3		1		4	1				2	1	1	1
116	BW	BWA	Drought		1									1																									1				1			
117	BW	BWA	Flood									1							1					1				1					2		1		1				1	1				
118	BW	BWA	Storm																														1													
119	BW	BWA	TOTAL		1							1		1					1					1				1					3		1		1		1		1	1	1			
120	BR	BRA	Drought				1		1		1	1						1				1			1	1		1	1		1			1		1		1						1	1	1
121	BR	BRA	Extreme temperature									1						1						1				1						1												
122	BR	BRA	Flood	2	2		2	5	2	1	2	3	4	2	1	4			3	1	3	5	1	4	3	2	5	2	2	2	3	4	7	3	8	2	5	4	4	2	1	2	7	5	8	11
123	BR	BRA	Landslide				1						3		1	1			2	3			1	1		2					1		1						1			1				
124	BR	BRA	Storm	1		1		1	1				1					1			1				1			1	1			1	1				1		1					1		
125	BR	BRA	TOTAL	3	2	1	4	6	4	1	3	5	8	2	2	5		3	5	4	4	8	3	6	5	5	5	5	4	2	5	5	9	5	8	3	6	5	6	2	1	3	8	7	9	12
126	BR	BRA	Wildfire																			2	1																				1			
127	VG	VGB	Storm																	1																					2					
128	VG	VGB	TOTAL																	1																					2					
129	BN	BRN	TOTAL																			1																								
130	BN	BRN	Wildfire																			1																								
131	BG	BGR	Drought				1																	1																						
132	BG	BGR	Extreme temperature																			1		2					1		1	1		1		2										
133	BG	BGR	Flood																		1					1			5	2	3			1		1		4	1			1			1	1
134	BG	BGR	Storm		1												1						1		1				1									1								
135	BG	BGR	TOTAL		1		1										1				1	1	1	4	2	1			7	2	6	1		2		3		5	1			1			2	1
136	BG	BGR	Wildfire																					1	1						2														1	
137	BF	BFA	Drought	1								1		1					1			1			1										1			1						1		1
138	BF	BFA	Flood					1	1			1						1					1				1			2	1	2	2	1		1	1		1	1	1			3		
139	BF	BFA	TOTAL	1				1	1			2		1				1	1			1	1		1		1			2	1	2	2	1	1	1	1	1	1	1	1			4		1
140	BI	BDI	Drought																				1				1		1			1	1	1												
141	BI	BDI	Flood										1											1		2		1	1	6	2	2	1	2	1			1	1			3	2	2	1	
142	BI	BDI	Landslide																																				1		1		1			
143	BI	BDI	Storm																				1					2		1				1	1									1		
144	BI	BDI	TOTAL										1										2	1		2	1	3	2	7	2	3	2	4	2			1	2		1	3	3	3	1	
145	CV	CPV	Drought	1												1						1				1															1					1
146	CV	CPV	Flood																														1											1		
147	CV	CPV	Storm			1		1																															1							
148	CV	CPV	TOTAL	1		1		1								1						1				1							1						1		1			1		1
149	KH	KHM	Drought								1							1							1	1			1											1						
150	KH	KHM	Flood												1			1		1			2	1	1	1		1	1	2	1			1	1	1	1	1	1			1	1		3	1
151	KH	KHM	Storm																		1												2						1					2	1	1
152	KH	KHM	TOTAL								1				1			2		1	1		2	1	2	2		1	2	2	1		2	1	1	1	1	1	2	1		1	1	2	4	2
153	CM	CMR	Drought											1											1				1							1										1
154	CM	CMR	Flood									1			1			1					1	1	1				1		1	1		1		2	1	1	1		1			1		1
155	CM	CMR	Landslide																								1																1			2
156	CM	CMR	TOTAL									1		1	1			1					1	1	2		1		2		1	1		1		3	1	1	1		1		1	1		4
157	CA	CAN	Drought					1				1																																		
158	CA	CAN	Extreme temperature			1										1																					1	1				1			1	
159	CA	CAN	Flood				1			1	2	1		1			1		1	1	1	1				1	4	2	2	5	1	2	1		1	1	1	1		1	2	1	1	1	1	2
160	CA	CAN	Storm		1				1	1	1		1		1			2	1	1	1	1	2	1	1		2	2	1		2		2	1	2	2	1					1	1	1	1	4
161	CA	CAN	TOTAL	1	1	1	1	1	2	4	3	2	2	1	1	2	1	3	4	2	3	3	3	1	2	2	7	4	5	5	3	2	3	1	4	3	3	2	1	2	3	4	2	2	4	6
162	CA	CAN	Wildfire	1					1	2			1			1		1	2		1	1	1		1	1	1		2						1				1	1	1	1			1	
163		SPI	Extreme temperature																									1																		
164		SPI	Flood																						1	1																				
165		SPI	Storm																				1						1																	
166		SPI	TOTAL																				1		1	1		1	1		1															
167		SPI	Wildfire																												1															
168	KY	CYM	Storm																						1	2		2				2														
169	KY	CYM	TOTAL																						1	2		2				2														
170	CF	CAF	Drought				1																																							1
171	CF	CAF	Flood																1	1		1	2				1	1	1		1	1	1	1	1		1				1		1		1	1
172	CF	CAF	Storm		1																				1								2		1	2	1		1		1					
173	CF	CAF	TOTAL		1		1												2	1		1	2		1	1	1	1	1		1	1	3	1	2	2	2		1		2		1		1	3
174	CF	CAF	Wildfire																1							1																				1
175	TD	TCD	Drought	1													1				1				1								1			1					1					1
176	TD	TCD	Flood						1			1			1				1			1	1		1					1	2	2	2	1		2							1	2	1	1
177	TD	TCD	Landslide																																								1			
178	TD	TCD	Storm									1																			1															
179	TD	TCD	TOTAL	1					1			2			1		1		1		1	1	1		2					1	3	2	3	1		3					1		2	2	1	2
180	CL	CHL	Drought												1																															
181	CL	CHL	Extreme temperature																1					1		1		1			1			1	1		1									
182	CL	CHL	Flood			1				1	2		1	1			1		1		1			2	3	3		1	2	1		2				1		1	2	1	3		1		1	
183	CL	CHL	Landslide								1				1																										1					
184	CL	CHL	Storm					2		1						2					2				1				1										1						1	
185	CL	CHL	TOTAL			1		2		2	3		1	1	2	3	2		2		4		1	3	4	5	1	2	3	1	1	2		1	3	2	1	2	4	1	5		2		2	2
186	CL	CHL	Wildfire													1	1				1		1			1	1								2	1		1	1		1		1			2
187	HK	HKG	Drought		1		1																																							
188	HK	HKG	Extreme temperature								1																																			
189	HK	HKG	Flood			1	1		2		1		1			1		1			1								1																	
190	HK	HKG	Landslide			1											1																													
191	HK	HKG	Storm	2		1	2		1	2		1	2		1	2	6				1		1				2					3	1	1							2	1			2	
192	HK	HKG	TOTAL	2	1	4	4		3	2	2	1	3		1	3	7	1			2		1				2		1			3	1	1							2	1			2	
193	HK	HKG	Wildfire			1																																								
194	MO	MAC	Storm														4																								2					
195	MO	MAC	TOTAL														4																								2					
196	CN	CHN	Drought				1		1			1			1	2		2	1		1		1	3	2	3	2		2	1		1	2	1			1	2	1	1	1				1	1
197	CN	CHN	Extreme temperature							1								1			3					1		1	1			2			1	1	1			1						
198	CN	CHN	Flood	4	5	4	1	2	7	2	4	8	1	3	3	6	4	6	3	4	6	5	6	9	9	10	6	9	11	20	11	7	7	5	5	12	14	13	12	12	12	8	6	5	4	4
199	CN	CHN	Landslide			2		1	1		1	2	1		1		1	1	1	4	2	1	1	2	6	4	2	1		1	1	4	5	8	2	1	3	2	1	3	4		2	1		1
200	CN	CHN	Storm	1	1		5	2	3	7	6	4	7	11	5	8	11	5	6	8	5	5	9	10	10	6	5	7	14	8	6	9	10	6	5	8	15	16	17	13	9	12	4	4	7	1
201	CN	CHN	TOTAL	5	7	6	7	5	12	10	12	15	9	14	10	16	16	15	12	16	17	11	18	24	27	24	16	18	28	30	18	23	24	21	13	22	34	33	31	30	26	20	13	11	12	7
202	CN	CHN	Wildfire		1						1								1				1				1							1									1	1		
203	CO	COL	Drought																			1																	1							
204	CO	COL	Flood	1	1	1		1		1	1	1	1	4			1	3	1	2	1		3	3	2	4	3	2	3	1	4	2	1	3	2	3	1	4	1	2	4	2	5	3	10	9
205	CO	COL	Landslide		1	1				3	2				3		3		1	1		1	2		2	1	1					1	2	2	1				1		2		1	1	1	4
206	CO	COL	Storm				1			1		1											1		1				1									1			1			2		1
207	CO	COL	TOTAL	1	2	2	1	1		5	3	2	1	4	4		4	3	2	3	1	2	6	3	6	5	4	2	4	1	4	3	3	6	3	3	1	5	4	2	7	2	6	6	11	14
208	CO	COL	Wildfire												1										1									1					1							
209	KM	COM	Drought		1																																									
210	KM	COM	Flood																														1			1										
211	KM	COM	Storm				1		1		1		1														1											1					2			
212	KM	COM	TOTAL		1		1		1		1		1														1						1			1		1					2			
213	CD	COD	Drought				1																																							1
214	CD	COD	Flood											1				1			1		1		2	1	2			3	1	1	1	2	2	1		1	3	2	1	1	1	6		4
215	CD	COD	Landslide										1												1									1				1			1		2			
216	CD	COD	Storm																								2		1	1		1														
217	CD	COD	TOTAL				1						1	1				1			1		1		3	1	4		1	4	1	2	2	4	2	1		2	4	2	2	1	3	6		5
218	CD	COD	Wildfire																														1	1					1							
219	CG	COG	Drought				1																																							
220	CG	COG	Flood															1				1	1			1			1	1	1					2							2	2	1	1
221	CG	COG	TOTAL				1											1				1	1			1			1	1	1					2							2	2	1	1
222	CK	COK	Storm		1						1			1							1				1				1					1												
223	CK	COK	TOTAL		1						1			1							1				1				1					1												
224	CR	CRI	Drought															1				1																1				1				
225	CR	CRI	Flood	1								1			1		1	1		1			1		1	2	1	2	2		2	3		2	1	1			1			1			1	
226	CR	CRI	Landslide																					1																						
227	CR	CRI	Storm									1							1	2		1							1			1								1	1			1		1
228	CR	CRI	TOTAL	1								2			1	1	1	2	1	3		2	1	1	1	2	1	2	3		2	4		2	1	1		1	1	1	1	2		1	1	1
229	CR	CRI	Wildfire													1																														
230	CI	CIV	Drought	1																																										
231	CI	CIV	Flood										1							1											1	1		2				2	1	1	1	1	1	1		1
232	CI	CIV	Landslide																														1													
233	CI	CIV	TOTAL	1									1							1											1	1	1	2				2	1	1	1	1	1	1		1
234	HR	HRV	Drought																								1																			
235	HR	HRV	Extreme temperature																					1			1		1					1		2										
236	HR	HRV	Flood																					1	1				1	1				2		1		2	1			1	1			1
237	HR	HRV	Storm																										1												1					
238	HR	HRV	TOTAL																		1			3	1		3		3	1	2			3		3		2	1		2	1	1			1
239	HR	HRV	Wildfire																		1			1			1				2										1					
240	CU	CUB	Drought		1					1							1					1		1				1											1							
241	CU	CUB	Flood				1		1	1		1		2		1	2	1	1	2	1			1		1	1			1	1	1				1	1		1							1
242	CU	CUB	Storm	1		1			1			2					1	1	2	1		1	1		1	2		2	2	1	2	4				2				1	1	2	1	2	2	2
243	CU	CUB	TOTAL	1	1	1	1		2	2	1	3		2		1	4	2	3	3	1	2	2	2	1	3	1	3	2	2	3	5				3	1		2	1	1	2	1	2	2	3
244	CU	CUB	Wildfire								1												1																							
245	CY	CYP	Drought												1									1																						
246	CY	CYP	Extreme temperature																			1		1							1															
247	CY	CYP	Storm				1																				1	1																		
248	CY	CYP	TOTAL				1								1							1		3			1	1			1														1	
249	CY	CYP	Wildfire																					1																					1	
250	CZ	CZE	Extreme temperature																								1		1					1		2						1				
251	CZ	CZE	Flood																	1	1	1		1		1			1	2			1	3			1								1	
252	CZ	CZE	Storm																							2			1		1	1	1								1			1	2	2
253	CZ	CZE	TOTAL																	1	1	1		1		3	1		3	2	1	1	2	4		2	1				1	1		1	3	2
254	DK	DNK	Drought													1																														
255	DK	DNK	Storm	1	1		1		1					3									1			1			1		1			1			2									1
256	DK	DNK	TOTAL	1	1		1		1					3		1							1			1			1		1			1			2									1
257	DJ	DJI	Drought	1			1					1								1			1						1		1	1		1												1
258	DJ	DJI	Flood		1								1				1	1										1															1	1		
259	DJ	DJI	Storm																1																							1				
260	DJ	DJI	TOTAL	1	1		1					1	1				1	1	1	1			1					1	1		1	1		1								1	1	1		1
261	DM	DMA	Storm	1				1					1						2				1								1				1				1		1					
262	DM	DMA	TOTAL	1				1					1						2				1								1				1				1		1					
263	DO	DOM	Flood		1				1			1			1		2			1						1	2	1	1		2		2	2	1	2	1	1	2	2		1				2
264	DO	DOM	Storm	1						1	1		1						2	1		1			1		1	3	1		3	3		1	2	2			1	1	3	1		2	2	1
265	DO	DOM	TOTAL	1	1		1		1	1	1	1	1		1		2		2	2		1			1	1	3	4	3		5	3	2	3	3	4	1	1	3	3	3	2		2	2	3
266	DO	DOM	Wildfire				1																						1																	
267	EC	ECU	Drought																		1												1				1									
268	EC	ECU	Flood			1	1				1		1			1					2			1	2	2	1			1		1	1	2	1	1	1		1	2			1	1	2	5
269	EC	ECU	Landslide				1				1						3							2											1		2						1			
270	EC	ECU	TOTAL			1	2		1		2		1			1	3	1			3			3	2	2	1			1		1	2	2	2	2	4		1	2			2	1	2	5
271	EC	ECU	Wildfire						1									1																		1										
272	EG	EGY	Extreme temperature																1	1				1															1							
273	EG	EGY	Flood												1			1	1	1	1					2								2										1	1	
274	EG	EGY	Storm								1										1							1						1					2	1						
275	EG	EGY	TOTAL								1				1			1	2	2	2			1		2		1						3					3	1				1	1	
276	SV	SLV	Drought			1												1				1			1								1					1				1				
277	SV	SLV	Extreme temperature																											1																
278	SV	SLV	Flood			1						1	1			1			1				1	1	1	1			2		1	2			1				1			1			1	
279	SV	SLV	Landslide									1					1																											1		
280	SV	SLV	Storm																	1	1	1		1		1			2		1		1	3					1		1			3		2
281	SV	SLV	TOTAL			2						2	1			1	1	1	1	1	1	2	1	2	2	2			4	1	2	2	2	3	1			1	2		1	2		4	1	2
282	ER	ERI	Drought														1						1									1														
283	ER	ERI	Flood																								1	1																		
284	ER	ERI	Storm														1																													
285	ER	ERI	TOTAL														2						1				1	1				1														
286	EE	EST	Extreme temperature																										1							1						1				
287	EE	EST	Storm																										1																	
288	EE	EST	TOTAL																										2							1						1				
289	SZ	SWZ	Drought		1			1						1											1						1									1			1			
290	SZ	SWZ	Flood																					1								1						1								
291	SZ	SWZ	Storm					1																					1	1															1	1
292	SZ	SWZ	TOTAL		1			2						1										1	1				1	1	2	1						1		1			1		1	1
293	SZ	SWZ	Wildfire																												1															
294	ET	ETH	Drought				1				1		1								1	1	1				1		1			1	1	1	1				1						1	1
295	ET	ETH	Flood		1				2			2		1			2	1	1	2	2		6	2	3	1	1		4	7	2	3		2	1		1		1	2			1	2	1	1
296	ET	ETH	Landslide															1						1																		2	1	2		
297	ET	ETH	TOTAL		1		1		2		1	2	1	1			2	2	1	2	3	1	7	4	3	1	2		5	7	2	4	1	3	2		1		2	2		2	2	4	2	2
298	ET	ETH	Wildfire																					1																						
299	FJ	FJI	Drought				1															1																	1							
300	FJ	FJI	Flood							1			1											1				1		1	2		1			2										
301	FJ	FJI	Storm	1	1		2		3	1	1			1		1	1				1		1		1		1	1		1	2	1	1	1		1				2		2	1	3	1	1
302	FJ	FJI	TOTAL	1	1		3		3	2	1		1	1		1	1				1	1	1	1	1		1	2		2	4	1	2	1		3			1	2		2	1	3	1	1
303	FI	FIN	Flood																										1																	
304	FI	FIN	Storm											2																																
305	FI	FIN	TOTAL											2															1																	
306	FR	FRA	Drought			1							1		1						1																									1
307	FR	FRA	Extreme temperature						1					1	2						1						1		2	1		1	2	1		1			1			2	2	1	1	1
308	FR	FRA	Flood	1	1		3				1	1				1	1	3		2			3	6	5	3	2		2					1	1		1	3	1	1	1	2	2	3	6	
309	FR	FRA	Landslide			2	2							1								1	1																							
310	FR	FRA	Storm			2	2	3	1		1		1	8		2	2		1	1		1	3	1	2	2	2	1		2	3	3	1	2	1		2	4	1		1	3	5	3	2	4
311	FR	FRA	TOTAL	1	1	6	8	5	3	1	2	1	2	10	3	3	3	3	1	3	3	2	8	7	7	5	6	1	5	3	3	4	4	4	2	1	3	7	3	1	3	7	9	7	9	6
312	FR	FRA	Wildfire			1	1	2	1	1											1		1				1		1				1								1					
313	PF	PYF	Flood																																						1					
314	PF	PYF	Landslide								1											2																								
315	PF	PYF	Storm				2																											1												
316	PF	PYF	TOTAL				2				1											2												1							1					
317	GA	GAB	Flood									1																								1										
318	GA	GAB	Storm																														1	2												
319	GA	GAB	TOTAL									1																					1	2		1										
320	GM	GMB	Drought	1																						1										1			1							
321	GM	GMB	Flood																	1			1		1						1	1	1	2			1				1					1
322	GM	GMB	Storm																								1	1				1	1										1		1	
323	GM	GMB	TOTAL	1																1			1		1	1	1	1			1	2	2	2		1	1		1		1		1		1	1
324	GE	GEO	Drought																					1																						
325	GE	GEO	Flood																1		3							2	1	1					1	1	2	1	1			1	1	1	1	1
326	GE	GEO	Storm																						1											1	1									
327	GE	GEO	TOTAL																1		3			1	1			2	1	1					1	2	3	1	1			1	1	1	1	1
328	DE	DEU	Extreme temperature																		1						1		2	1		1	1	1		2						1	2			1
329	DE	DEU	Flood													1	1	2			1		1			1			2	1	1		1	1	1		1			1	1				1	
330	DE	DEU	Landslide																				1																							
331	DE	DEU	Storm											6	1		2	2	2	1		1	2		1	3	2	1	1	3	2	2	1	2			3	2			2	1	1	1	2	3
332	DE	DEU	TOTAL											6	1	1	3	4	2	1	2	1	4		1	4	3	1	5	5	3	3	3	4	1	2	4	2		1	3	2	3	1	3	4
333		DDR	Storm					2	1																																					
334		DDR	TOTAL					2	1																																					
335		DFR	Flood				1					1			1																															
336		DFR	Storm					2	1																																					
337		DFR	TOTAL				2	2	1			1			1																															
338		DFR	Wildfire				1																																							
339	GH	GHA	Drought	1																																										
340	GH	GHA	Flood										1		1				1				1		1	2					1	1	2	2	2		1		1	1	1	1	2	2	2	1
341	GH	GHA	Storm																																						1					
342	GH	GHA	TOTAL	1					1				1		1				1				1		1	2					1	1	2	2	2		1		1	1	2	1	2	2	2	1
343	GH	GHA	Wildfire						1																																					
344	GR	GRC	Drought											1																																
345	GR	GRC	Extreme temperature						1		1	1			1									1							1					1					1					
346	GR	GRC	Flood															1			1	1		2	2	4	3			2	1			1		1		1	2	1	1			2		
347	GR	GRC	Storm								1			1												1		2		1													1			
348	GR	GRC	TOTAL				1	2	2		3	1		2	1			1	1		1	2		5	2	5	3	2		3	4		2	1		2		1	2	1	2	1	1	2	1	1
349	GR	GRC	Wildfire				1	2	1		1								1			1		2							2		2									1			1	1
350	GD	GRD	Drought																															1												
351	GD	GRD	Storm	1										1									1			1		1																		
352	GD	GRD	TOTAL	1										1									1			1		1						1												
353	GU	GUM	Storm								1					1					1					2		2																		
354	GU	GUM	TOTAL								1					1					1					2		2																		
355	GT	GTM	Drought								1							1							1								1			1		1				1				
356	GT	GTM	Extreme temperature																						1					1					1			1								
357	GT	GTM	Flood			1					1	1	1					1	1				1	2		1			1		2	2	1	1	3			1	2		4	2		2	3	1
358	GT	GTM	Landslide																			1				1	1		2			1		1	1				1	1	1					
359	GT	GTM	Storm																	1		1			1	1			1		1	1		3	1			1		1	1		2	3		1
360	GT	GTM	TOTAL			1					3	1	1					2	1	1		2	1	2	3	3	2		4	1	3	4	2	5	6	1		4	3	2	6	3	2	5	3	2
361	GT	GTM	Wildfire								1																1																			
362	GN	GIN	Drought	1																		1																								
363	GN	GIN	Flood		1												1								1					1	1	1	1	2	1		1		1		1			1	1	1
364	GN	GIN	Landslide																																				1							
365	GN	GIN	Storm																					1																						
366	GN	GIN	TOTAL	1	1												1					1		1	1			1		1	1	1	1	2	1		1		2		1			1	1	1
367	GN	GIN	Wildfire																									1																		
368	GW	GNB	Drought	1																						1				1																
369	GW	GNB	Flood																								1	1				1		1												
370	GW	GNB	Storm								1						1																									1				
371	GW	GNB	TOTAL	1							1						1					1				1	1	1		1		1		1								1				
372	GW	GNB	Wildfire																			1																								
373	GY	GUY	Drought									1									1													1												
374	GY	GUY	Flood										1							1									1	1		1							1		1				1	1
375	GY	GUY	TOTAL									1	1							1	1								1	1		1		1					1		1				1	1
376	HT	HTI	Drought	1												1	1										1											1		1						
377	HT	HTI	Flood							2	4	4	2				1			2			1	2	1	1	3	1	3	2	4		3	3	2	3	1	1	1	6	2		2		1	2
378	HT	HTI	Landslide										1																																	
379	HT	HTI	Storm	1								1		1				1		2		1			1	1	1	2	5	1	3	4		2	2	2			1	1	3			1	2	
380	HT	HTI	TOTAL	2						2	4	5	3	1		1	2	1		4		1	1	2	2	2	5	3	8	3	7	4	3	5	4	5	1	2	2	8	5		2	1	3	2
381	HN	HND	Drought															1			1			1	1	1		1					1			1		1				1				
382	HN	HND	Flood		1			1		1		2		1			2	2	1	1			1			3	2		1	1	2	1		2	1			2		1	3	1		1		2
383	HN	HND	Storm			1						1							1	2		1			1				4		1	1		2						1	1			3		1
384	HN	HND	TOTAL		1	1		1		1		3		1			2	3	2	3	1	1	1	2	2	4	2	1	5	1	3	2	1	4	1	1		3		2	4	2		4	1	3
385	HN	HND	Wildfire																					1																					1	
386	HU	HUN	Drought							1						1											1																			
387	HU	HUN	Extreme temperature																						1				1		1	1				1						1				
388	HU	HUN	Flood																	1	1		2	1	1	1		1	2	1				1			1	1		1						
389	HU	HUN	Storm					1															1				1		1	1							1				1		1			
390	HU	HUN	TOTAL					1		1						1				1	1		3	1	2	1	2	1	4	2	1	1		1		1	2	1		1	1	1	1			
391	IS	ISL	Flood									1																																		
392	IS	ISL	Landslide				1												2																											
393	IS	ISL	TOTAL				1					1							2																											
394	IN	IND	Drought			1					1						1			1				1		1							1						1			1				
395	IN	IND	Extreme temperature	2	1	1		1	2		1	2	2	2		1		1	1			2	1	1	2	2	2		2	1	3	1	2	1	2	2	1	3	1	1	1	1	2			1
396	IN	IND	Flood	5	1	2	4	5	5	3	4	3	2	4	8	4	5	2	3	6	6	3	2	6	9	6	6	6	17	17	16	8	6	8	7	6	5	7	10	8	9	9	5	5	9	3
397	IN	IND	Landslide	1			1			2		2	1	1		1	1		3	1	2	5		3	3		1		2			1	2	1				1	1	2	3			2	2	1
398	IN	IND	Storm	2	4	2	5	2	2	5	4	1	2	5	1	2	2	2	2	4	1	4	3	2	3	4	7		4	2	1	1	6	7	3	1	5	5	6	3	5	11	5	4	5	2
399	IN	IND	TOTAL	10	6	6	10	9	9	10	10	8	7	12	9	8	9	5	9	12	9	14	7	13	17	13	16	6	25	20	20	11	17	17	12	9	11	16	19	15	18	23	12	11	16	7
400	IN	IND	Wildfire					1															1																	1		1				
401	ID	IDN	Drought			1		1		1	1										1						1												1							
402	ID	IDN	Flood	1	3	3	3	3	3	4	5	2	2	2	2	1	2	6	5	5		1	1	3	4	7	8	1	3	8	8	12	5	7	6	7	10	6	6	10	7	6	11	25	18	13
403	ID	IDN	Landslide	1	1	2	1					1	1		1	1				1			2	4	4	1	4	4	2	3	2	1	2	1	2	2	2	2	3	2	2	2	2	1	2	
404	ID	IDN	Storm	1		1			1																			2								2					1				1	
405	ID	IDN	TOTAL	3	4	7	4	4	4	5	6	3	3	2	4	2	2	7	5	6	2	2	4	8	8	9	13	7	6	12	10	13	7	8	8	11	12	8	11	12	10	8	14	26	21	13
406	ID	IDN	Wildfire												1			1			1	1	1	1		1			1	1									1				1			
407	IR	IRN	Drought																				1																						1	
408	IR	IRN	Flood	2	1					2	6	1	1	1	4	2	3	3	3	3	2	3	4	3	4	3	1	2	4	1	1	2				1		1	5		2	1	3	6	1	3
409	IR	IRN	Landslide											1								1					1																	1		
410	IR	IRN	Storm		1										1	1	1			1				1				1	1		1	1								1					2	
411	IR	IRN	TOTAL	2	2					2	6	1	1	2	5	3	4	3	3	4	2	4	5	4	4	4	2	3	5	1	2	3				1		1	5	1	2	1	3	7	4	3
412	IR	IRN	Wildfire																							1																				
413	IQ	IRQ	Drought																			1																							1	
414	IQ	IRQ	Flood																									1		2		1	1		1	1	1		1			1	1	1	2	
415	IQ	IRQ	Storm																																											1
416	IQ	IRQ	TOTAL																			1						1		2		1	1		1	1	1		1			1	1	1	3	1
417	IE	IRL	Flood								1						1									1							1		1						1					
418	IE	IRL	Storm				1			1				3	1					1		1	1	1				1	1									1	1			1		1		1
419	IE	IRL	TOTAL				1			1	1			3	1		1			1		1	1	1		1		1	1				1		1			1	1		1	1		1		1
420	IM	IMN	Storm																																									1		
421	IM	IMN	TOTAL																																									1		
422	IL	ISR	Drought																				1																							
423	IL	ISR	Extreme temperature													1								1																						
424	IL	ISR	Flood																		1	1												1								1		1		
425	IL	ISR	Storm												1									1													1		1							
426	IL	ISR	TOTAL				1								1	1			1		1	1	1	2										2			1		1	1		1		2		
427	IL	ISR	Wildfire				1												1															1						1				1		
428	IT	ITA	Drought																		1					1										1					1					1
429	IT	ITA	Extreme temperature																			1					1		1		1		1	1	1	1						2	1			
430	IT	ITA	Flood						1	1	1					2		1		2				4	2	3	2					3	1	1	2	1	1	4	3	1	1	1	1	3	1	
431	IT	ITA	Landslide			1	1				2									1		1	1							1					1									1		1
432	IT	ITA	Storm								3			1			1	1			1				1			1		1			1	1				1	1		2	1	3	3		1
433	IT	ITA	TOTAL			1	2		1	1	6			3		2	1	3		3	2	2	2	4	3	4	3	1	1	2	2	3	4	3	4	3	1	5	4	1	4	4	5	7	2	3
434	IT	ITA	Wildfire				1							2				1					1								1		1												1	
435	JM	JAM	Drought		1																			1														1								
436	JM	JAM	Flood							1	1	1			1		1									1				1																
437	JM	JAM	Storm	1					1			1						1		1					1	2		2	3		2	2		1		1				1	1					
438	JM	JAM	TOTAL	1	1				1	1	1	2			1		1	1		1				1	1	3		2	3	1	2	2		1		1		1		1	1					
439	JP	JPN	Extreme temperature																									1			1	1	1	1	1		1	1	3	2		1	2			1
440	JP	JPN	Flood	1		1				1		1	1	1			1		1			1	2	1	1		1	2	1	2	1	1		1	1	1	1		1	1	1	1	3	1	2	1
441	JP	JPN	Landslide		1		2	1		2			1				2			1	1	1											2					1							1	
442	JP	JPN	Storm	1	4	4	2		2	2	1		2	2	5	2	3	3	1	1	2	5	1	3	4	5	2	8	3	3	3		2		3	6	7	9	6	4	3	3	4	3	1	4
443	JP	JPN	TOTAL	2	5	5	4	1	2	5	1	1	4	3	5	2	6	3	2	2	3	7	3	4	5	6	3	11	4	5	5	2	5	2	5	7	9	11	10	7	4	5	9	4	4	6
444	JP	JPN	Wildfire																							1																				
445	JO	JOR	Drought																				1	1																						
446	JO	JOR	Extreme temperature													1								1																						
447	JO	JOR	Flood								1				1						1																					2				
448	JO	JOR	Storm												1									1		1																				
449	JO	JOR	TOTAL								1				2	1					1		1	3		1																2				
450	KZ	KAZ	Drought																																										1	
451	KZ	KAZ	Extreme temperature																		1				1											1										
452	KZ	KAZ	Flood														1							1	1				1			1		2	1	1		1	1		1	1		1		
453	KZ	KAZ	Landslide																									1																		
454	KZ	KAZ	Storm																1																											
455	KZ	KAZ	TOTAL														1		1		2			1	2			1	1			1		2	1	2		1	1		1	1		1	1	
456	KZ	KAZ	Wildfire																		1																									
457	KE	KEN	Drought				1								1			1		1			1					1	1			1		1	1			1		1			1	1		
458	KE	KEN	Flood			1								1						1	1	1			1	4	2	2	3	4	3	6	2	2	3	1	4		3	2	1	3	1	1	1	
459	KE	KEN	Landslide																							1					1	1		1									1			
460	KE	KEN	Storm									1																																		
461	KE	KEN	TOTAL			1	1					1		1	1			1		2	1	1	1		1	5	2	3	4	4	4	8	2	4	4	1	4	1	3	3	1	3	3	2	1	
462	KI	KIR	Drought																				1																							
463	KI	KIR	Flood																													1						1								
464	KI	KIR	Storm																																				1							
465	KI	KIR	TOTAL																				1									1						1	1							
466	KP	PRK	Drought																																	1			1		1		1			
467	KP	PRK	Extreme temperature																																							1				
468	KP	PRK	Flood								2								2	1	1	1	1		2	1		2	1	2	1			2	2	1	1		1	2		1		1	1	
469	KP	PRK	Storm														1				1			1		1					1			1	1	1						1	1			
470	KP	PRK	TOTAL								2						1		2	1	2	1	1	1	2	2		2	1	2	2			3	3	3	1		2	2	1	3	2	1	1	
471	KR	KOR	Drought																						1																					
472	KR	KOR	Extreme temperature											1																										1		1				1
473	KR	KOR	Flood					1			1			1	1	1				1	2	1	1	2	2	1		2	1	1	1	1			2			1						2		1
474	KR	KOR	Landslide		1			1				1					1			1															1											
475	KR	KOR	Storm	2	1	2			1	1	2		1	1	1	1	1	1	2			3	1	2	1	3	1	4	3		1			1		3		2		1			3	3	1	1
476	KR	KOR	TOTAL	2	2	2		2	1	1	3	1	1	3	2	2	2	1	2	2	2	4	2	5	4	4	1	7	5	1	2	1		1	3	3		3		2		1	4	5	1	4
477	KR	KOR	Wildfire																					1				1	1														1			1
478	KW	KWT	Flood																		1																					1				
479	KW	KWT	TOTAL																		1																					1				
480	KG	KGZ	Drought																														1													
481	KG	KGZ	Extreme temperature																					1												1										1
482	KG	KGZ	Flood																			1							1		1					1										
483	KG	KGZ	Landslide															2								1	1	3						1							1				1	
484	KG	KGZ	Storm																											1								1								
485	KG	KGZ	TOTAL															2				1		1		1	1	3	1	1	1		1	1		2		1			1				1	1
486	LA	LAO	Drought								1	1			1								1																				1			
487	LA	LAO	Flood		1			1							1	1		1	2	1				1	1	1						1	1		2		2	1	2	1		1	1			1
488	LA	LAO	Storm												1	1	1		1														1								1	2		2	1	
489	LA	LAO	TOTAL		1			1			1	1			3	2	1	1	3	1			1	1	1	1						1	2		2		2	1	2	1	1	3	2	2	1	1
490	LV	LVA	Extreme temperature																						1		1		1							1										
491	LV	LVA	Storm																				1						2																	
492	LV	LVA	TOTAL																				1		1		1		3							1						1				
493	LV	LVA	Wildfire																																							1				
494	LB	LBN	Flood								1																1																			
495	LB	LBN	Storm													1										1													3			1	1			
496	LB	LBN	TOTAL								1					1										1	1				1								3			1	1	1		
497	LB	LBN	Wildfire																												1													1		
498	LS	LSO	Drought				1							1												1					1				1					1			1	1		
499	LS	LSO	Flood						1		1			1																					2											
500	LS	LSO	Storm										1							1					2							1						1							1	
501	LS	LSO	TOTAL				1		1		1		1	2						1					2	1					1	1			3			1		1			1	1	1	
502	LR	LBR	Drought	1																																										
503	LR	LBR	Extreme temperature											1																																
504	LR	LBR	Flood																			1									1	1	1	1						1						
505	LR	LBR	Storm																1												1															
506	LR	LBR	TOTAL	1										1					1			1									2	1	1	1						1						
507	LY	LBY	Flood																1																		1						1			
508	LY	LBY	TOTAL																1																		1						1			
509	LT	LTU	Drought													1														1												1				
510	LT	LTU	Extreme temperature																				1		1									1		2						1				
511	LT	LTU	Flood																										1					1												
512	LT	LTU	Storm														1						1						1																	
513	LT	LTU	TOTAL													1	1						2		1				2	1				2		2						2				
514	LU	LUX	Extreme temperature																								1																			
515	LU	LUX	Flood				1										1																												1	
516	LU	LUX	Storm											6					1															1									1			
517	LU	LUX	TOTAL				1							6			1		1								1							1									1		1	
518	MG	MDG	Drought		1							1												1		1			1			1						1		1	1			1		
519	MG	MDG	Flood							1												1					1		2		1								1				1	1	1	1
520	MG	MDG	Storm		1	1	1	1		1			1		1			3		1	2			2		3	3	2	1	2	3	3	3	1	1	3	2	1	2		1	2	2	1	1	6
521	MG	MDG	TOTAL		2	1	1	1		2		1	1		1			3		1	2	1		3		4	4	2	4	2	4	4	3	1	1	3	2	2	3	1	2	2	3	3	2	7
522	MW	MWI	Drought								1			1		1										1			1		1					1			1							1
523	MW	MWI	Flood			1							1		1				2		1	1	1	1	2	2	2		1	2	4	1		1	3	2	1		1	1	1	3	2	1		1
524	MW	MWI	Landslide																																								1			
525	MW	MWI	Storm																										1							1			1						1	2
526	MW	MWI	TOTAL			1					1		1	1	1	1			2		1	1	1	1	2	3	2		3	2	5	1		1	3	4	1		3	1	1	3	3	1	1	4
527	MY	MYS	Drought																			1																1								
528	MY	MYS	Flood				1			1	1	1					1			1		1	1	1	4		3	3	2	4	2	2	2		1		1	1	1	4	3	2	4	5	8	5
529	MY	MYS	Landslide																1	1						1									1											1
530	MY	MYS	Storm																	1	1			1		1		2													1					
531	MY	MYS	TOTAL				1			1	1	1					1		2	3	2	3	1	2	4	2	3	5	3	4	2	2	2		2		1	2	1	4	4	2	4	5	8	6
532	MY	MYS	Wildfire																1		1	1							1																	
533	MV	MDV	Flood								1																				1												1			
534	MV	MDV	Storm												1																														1	
535	MV	MDV	TOTAL								1				1																1												1		1	
536	ML	MLI	Drought	1											1										1				1	1				1	1									1		1
537	ML	MLI	Flood									1	1									2	1	1	1	1	1		2	1	2	1	1	2	1		2		1	1		1	2			1
538	ML	MLI	TOTAL	1								1	1		1							2	1	1	2	1	1		3	2	2	1	1	3	2		2		1	1		1	2	1		2
539	MH	MHL	Drought																																		1		1							1
540	MH	MHL	Flood																													1						1								
541	MH	MHL	Storm												1																											1				
542	MH	MHL	TOTAL												1																	1					1	1	1			1				1
543	MR	MRT	Drought	1													1				1				1									1	1						1	1		1		
544	MR	MRT	Flood					1	1										1				2		1	1	1		1	2	2		1	1			1						1	2		1
545	MR	MRT	Storm												1								1																		1					
546	MR	MRT	TOTAL	1				1	1						1		1		1		1		3		2	1	1		1	2	2		1	2	1		1				2	1	1	3		1
547	MU	MUS	Drought																				1																							
548	MU	MUS	Flood																																		1									
549	MU	MUS	Storm			2	1						1		1			1		1			1			1					1											1				1
550	MU	MUS	TOTAL			2	1						1		1			1		1			2			1					1						1					1				1
551	MX	MEX	Drought									1							1	1			1			1									1											
552	MX	MEX	Extreme temperature									1		1		2			1		2	1	1	1		1	1	1		1					1											
553	MX	MEX	Flood	2		2		1		1	2		1	1	2		2			1		2	4	3	1	2	3	2	3	1	2	1	5	2	3		1		1	5	1	1	3	2	3	2
554	MX	MEX	Landslide				1														1	1					1			2	1	1		2												
555	MX	MEX	Storm		1	1	2	1				3		1	1	1	5		5	4	3	4	1	2	5	3	2		4	3	4	1	2	4	5	2	4	6	3	2	4	2	3	5	7	3
556	MX	MEX	TOTAL	2	1	3	3	2		1	2	5	2	3	3	3	7		7	6	6	9	7	6	6	7	8	3	7	7	7	3	7	8	11	2	5	6	4	7	5	3	6	7	10	5
557	MX	MEX	Wildfire										1									1					1								1											
558	FM	FSM	Drought																			1																		1						
559	FM	FSM	Flood																													1														
560	FM	FSM	Storm								1															2	1	1											1				1			
561	FM	FSM	TOTAL								1											1				2	1	1				1							1	1			1			
562	MD	MDA	Drought																					1							1					1										
563	MD	MDA	Extreme temperature																										1							1							1			
564	MD	MDA	Flood															1			1		1			1			1			1		1												
565	MD	MDA	Storm															1						1																						
566	MD	MDA	TOTAL															2			1		1	2		1			2		1	1		1		2							1			
567	MN	MNG	Drought																					1																						
568	MN	MNG	Extreme temperature																														1						1	1		1	1			1
569	MN	MNG	Flood			1												1		1							1						1									1	1	3	1	1
570	MN	MNG	Landslide																																						1					
571	MN	MNG	Storm											1	1		1							2	1	2						1										1	1	1	1	
572	MN	MNG	TOTAL			1				1				2	1		1	1		2				3	1	2	1					1	2						1	1	1	3	3	4	2	2
573	MN	MNG	Wildfire							1				1						1																										
574	ME	MNE	Extreme temperature																																	1										
575	ME	MNE	Flood																												1		1	2												
576	ME	MNE	TOTAL																												1		1	2		1					1					
577	ME	MNE	Wildfire																																						1					
578	MS	MSR	Storm										1	1					1																											
579	MS	MSR	TOTAL										1	1					1																											
580	MA	MAR	Drought				1	1															1																							
581	MA	MAR	Extreme temperature																					1												1				1	2	1				
582	MA	MAR	Flood																3	1	1			2	1	1	1			3		2	2	2				1					2		2	
583	MA	MAR	Landslide			1																																					1			
584	MA	MAR	Storm																	1									1									2								
585	MA	MAR	TOTAL			1	1	1											3	2	1		1	3	1	1	1		1	3		2	2	2		1		3		1	2	1	3		2	
586	MZ	MOZ	Drought		1						1			1								1			2		1		1		1	1		1						1				1	1	
587	MZ	MOZ	Flood		1				1				1								1		1	1	2	1	3		2		4	1	1	1	2		1	2	1	2		1	3	2	1	1
588	MZ	MOZ	Landslide																			1																				1				
589	MZ	MOZ	Storm					1	1			1						1		1	1			4		1	1				1	1	1		1	3				1	1		2		1	3
590	MZ	MOZ	TOTAL		2			1	2		1	1	1	1				1		1	2	2	1	5	4	2	5		3		6	4	2	2	3	3	1	2	1	4	1	2	5	3	3	4
591	MZ	MOZ	Wildfire																													1														
592	MM	MMR	Flood												1	1			1		1		1		1	1				1	4				1	1	1	2	3	2	1	3	2	1	1	
593	MM	MMR	Landslide																										1				1	1			1		2	1		1	1	1		
594	MM	MMR	Storm			1												1										1		1		1		1					1	2	1					
595	MM	MMR	TOTAL		1	1									1	1		1	1		1		1		1	1		1	1	2	4	1	1	2	1	1	2	2	6	5	2	4	3	2	1	
596	MM	MMR	Wildfire		1																																									
597	NA	NAM	Drought		1									1					1			1			1	1											1		1			1				
598	NA	NAM	Flood																					1			1	2		2	1	1	1	1	1	1	1				1			1	1	
599	NA	NAM	TOTAL		1									1					1			1		1	1	1	1	2		2	1	1	1	1	1	1	2		1		1	1		1	1	
600	NP	NPL	Drought																											1			1													
601	NP	NPL	Extreme temperature																							1	1						1		2	1						1				
602	NP	NPL	Flood		2	1	1	1	1	1	1	1		1	1		1		1	2		2	1	1			1	1	2	1	1	2	2	2	2	1	2	3		2	2	1	1	1	4	2
603	NP	NPL	Landslide				1					1	1				1		2		1				1	1			1	2			1		2	1		2	2		1					1
604	NP	NPL	Storm							1		1			1					1																		1					1			1
605	NP	NPL	TOTAL		2	1	2	1	1	2	1	3	1	1	2	1	2		3	3	1	2	2	1	1	2	2	1	3	4	1	2	5	2	6	3	2	6	2	3	3	2	2	1	4	4
606	NP	NPL	Wildfire													1							1																	1						
607	AN	ANT	Storm										1						1																											
608	AN	ANT	TOTAL										1						1																											
609	NL	NLD	Extreme temperature																								1		2	1						1						1	1	1		
610	NL	NLD	Flood													1	1					1																							1	
611	NL	NLD	Storm					1	1	1				6				1	1		1	1				1			1		1	1		1			3			1		1			1	1
612	NL	NLD	TOTAL					1	1	1				6		1	1	1	1		1	2				1	1		3	1	1	1		1		1	3			1		2	1	1	2	1
613	NC	NCL	Storm		3																		1				1																		1	
614	NC	NCL	TOTAL		3																		1				1																		1	
615	NZ	NZL	Drought													1																					1									
616	NZ	NZL	Extreme temperature																						1																					
617	NZ	NZL	Flood	2	1		1	1	2	3	1	3	1		1			1			1	1	1	1		1		2	1	1									2	1	1	1		2	3	
618	NZ	NZL	Storm									1				2				1	1			1			1		1		1					1	1				1				1	1
619	NZ	NZL	TOTAL	2	1		1	1	2	3	2	4	1		1	3		1		1	2	1	1	2	1	1	1	2	2	1	1					1	2		2	1	2	1		3	4	1
620	NZ	NZL	Wildfire								1																																	1		
621	NI	NIC	Drought															1			1			1	1													1				1				
622	NI	NIC	Flood	1										1									1	1		1					1	2	2	2	1	1	1	1	1		1	1				
623	NI	NIC	Landslide																									1																		
624	NI	NIC	Storm			1						1					1		1	2		1		2	1	1		1	2		1	1	1	2						1	1			2		2
625	NI	NIC	TOTAL	1		1						1		1	1		1	1	1	2	1	1	2	4	2	3		2	2		2	3	3	4	1	1	1	2	1	1	2	2		2		2
626	NI	NIC	Wildfire												1								1			1																				
627	NE	NER	Drought	1								1		1							1				1				1				1		1				1		1			1		1
628	NE	NER	Flood									1						1				1	2	1	1		1			1	1	1	1	2	2	1	2	1	1	2	2	1	2	2	1	1
629	NE	NER	Storm																							1																				
630	NE	NER	TOTAL	1								2		1				1			1	1	2	1	2	1	1		1	1	1	1	2	2	3	1	2	1	2	2	3	1	2	3	1	2
631	NG	NGA	Drought		1																																									1
632	NG	NGA	Extreme temperature													1										1																				
633	NG	NGA	Flood						1			1						1				2	3	6	3	1	1	5	2	3	3		2	1	4	1	1	1	1	1	2	2	2	3	2	1
634	NG	NGA	Landslide									1												2																						
635	NG	NGA	Storm																				1	1											1	1				1						1
636	NG	NGA	TOTAL		1				1			2				1		1				2	4	9	3	2	1	5	2	3	3		2	1	5	2	1	1	1	2	2	2	2	3	2	3
637	MK	MKD	Drought														1																													
638	MK	MKD	Extreme temperature																						1			1			1					1		1			1					
639	MK	MKD	Flood																1							1	2	1	1	1							1		2	1						
640	MK	MKD	Storm																										1																	
641	MK	MKD	TOTAL														1		1					1	1	1	2	2	2	1	2					1	1	1	2	1	1				1	
642	MK	MKD	Wildfire																					1							1														1	
643	MP	MNP	Storm																							1		1											1			1				
644	MP	MNP	TOTAL																							1		1											1			1				
645	NO	NOR	Flood																1					1	1																					
646	NO	NOR	Landslide																																								1	1		
647	NO	NOR	Storm											2		1	1												1			1			1											1
648	NO	NOR	TOTAL											2		1	1		1					1	1				1			1			1								1	1		1
649	OM	OMN	Flood																																					1	1		1	1		
650	OM	OMN	Storm		1																					1	1				1			1	1				1			2			2	
651	OM	OMN	TOTAL		1																					1	1				1			1	1				1	1	1	2	1	1	2	
652	PK	PAK	Drought																				1																				1			
653	PK	PAK	Extreme temperature											1	1					1	1		1	1	1	2	1		1	1								1	1			1				1
654	PK	PAK	Flood	1	1	1	1	1				1	1		1	2	1	1	3	1	2	1	2		1	3	3	2	5	7	6	3	3	4	1	3	2	1	6	7	2	1	8	4	4	1
655	PK	PAK	Landslide				2								1	1	2			1		1			2		1		1	1	3			2		2					1			1		
656	PK	PAK	Storm	1	1					1		1					1	2			2	1	2		1	1	1		1		1			1				1		1	2		1	1	2	1
657	PK	PAK	TOTAL	2	2	1	3	1		1		2	1	1	3	3	4	3	3	3	5	3	6	1	5	6	6	2	8	9	10	3	3	7	1	5	2	3	7	8	5	2	10	6	6	4
658	PK	PAK	Wildfire																																											1
659	PW	PLW	Drought																																				1							
660	PW	PLW	Storm																																	1	1								1	
661	PW	PLW	TOTAL																																	1	1		1						1	
662	PA	PAN	Drought				1																														1		1			1				
663	PA	PAN	Flood					1		1					1				1				2	1	1	2	1	3	1	2	1	2	1	4	2	2		1	1					1	2	1
664	PA	PAN	Storm									1				1						1																		1	1			2		
665	PA	PAN	TOTAL				1	1		1		1			1	1			1			1	2	1	1	2	1	3	1	3	1	2	1	4	2	2	1	1	2	1	1	1		3	2	1
666	PA	PAN	Wildfire																											1																
667	PG	PNG	Drought	1																	1																		1							
668	PG	PNG	Flood				2									1	1						1					1	1	2		2				1	1	1	1	1			1	3		
669	PG	PNG	Landslide												1					1						1	2			2			1			1							1	2		
670	PG	PNG	Storm														1				1										1				1			1	1							
671	PG	PNG	TOTAL	1			2								1	1	2			1	3		1			1	2	1	1	4	1	2	1		1	2	1	2	3	1			2	5		
672	PG	PNG	Wildfire																		1																									
673	PY	PRY	Drought				1																1						1			1	1			1	1			1						
674	PY	PRY	Extreme temperature																					1				1						1												
675	PY	PRY	Flood			1	1					1		1		1			2		1	1				1							1			1	1	2	2			2	3		2	
676	PY	PRY	Storm																		1					1						1	1		1	1	1		1							
677	PY	PRY	TOTAL			1	2					1		1		1			2		2	1	1	1		2		1	1		1	2	3	1	1	3	3	2	3	1		2	4		2	
678	PY	PRY	Wildfire																												1												1			
679	PE	PER	Drought				1							1		1										1		1		1																
680	PE	PER	Extreme temperature				1								1												1	1			1		1	1	1	1	1	1	1							
681	PE	PER	Flood	1	1	2				1	2	1	1	3		1	1	2					2	1	3	3	2	1		1	1	1	1	1	3	1	2	3	2	1	3		3	3	8	1
682	PE	PER	Landslide		1	1	2	1	2	1	2	1		1					1		1	2	1	1	1			1					4	1		1							1	1		1
683	PE	PER	Storm																		1					1									1											
684	PE	PER	TOTAL	1	2	3	4	1	2	2	4	2	1	5	1	2	1	2	1		3	2	3	2	4	5	3	4		2	2	1	6	3	5	3	3	4	3	1	3		5	4	8	2
685	PE	PER	Wildfire																		1																						1			
686	PH	PHL	Drought	1			1				1			1								1				1					1								1				1			
687	PH	PHL	Flood	1	3	4	1		2	1			2	3	3	3	3	4	6	1	1		4	3	3	4	1	3	2	6	5	8	8	9	15	8	5	3	5	2	3	1	1		5	2
688	PH	PHL	Landslide		1							2	3				1	2		2			4	1			1	1		3		1	1	1	3	1								1		1
689	PH	PHL	Storm	6	8	9	4	4	3	6	5	6	7	5	6	4	6	11	7	2	3	4	8	6	6	6	8	8	2	10	8	11	14	3	12	9	8	9	10	8	8	7	7	6	8	6
690	PH	PHL	TOTAL	8	12	13	6	4	5	7	6	8	12	9	9	7	10	17	13	5	4	6	16	10	9	11	10	12	4	19	14	20	23	13	30	18	13	12	16	10	11	8	9	7	13	9
691	PH	PHL	Wildfire																			1																								
692	PL	POL	Drought																																							1				
693	PL	POL	Extreme temperature																		1	1	1	1	1	1			1			1	1	1	1	3	1	1	1	1		1				
694	PL	POL	Flood	1		1					1										1	1			1			1	1	1			1	2						1				1	1	
695	PL	POL	Storm				1							1				1					1			2			2		2	1	1			1	1		1		1		1	1	2	3
696	PL	POL	TOTAL	1		1	2				1			1		1		1			2	2	2	1	2	3		1	4	1	2	2	3	3	1	4	2	1	2	2	1	2	1	2	3	3
697	PL	POL	Wildfire				1									1																														
698	PT	PRT	Drought				1														1							1																		1
699	PT	PRT	Extreme temperature																								1		1	1		1		1								1				1
700	PT	PRT	Flood		1		1													2					1	1	1			1		1		1					1							
701	PT	PRT	Storm										1								1			1										1			2	2				1	1			
702	PT	PRT	TOTAL		1		3		1	1			1		1					2	2			1	2	1	3	2	2	2		2		3			3	2	1	1	2	3	1			3
703	PT	PRT	Wildfire				1		1	1					1										1		1	1	1								1			1	2	1				1
704	QA	QAT	Flood																																							1				
705	QA	QAT	TOTAL																																							1				
706	RO	ROU	Drought				1																	1																						
707	RO	ROU	Extreme temperature															1		1		2		1	1	1		1	2	1	2	1	1	1		1		1				1				
708	RO	ROU	Flood					1							1			1	1		1	1	2	2	2	3	2	2	6	6	4	1	2	1			1	2	1	2		2	1	1	1	
709	RO	ROU	Landslide																				1																							
710	RO	ROU	Storm														1	1			1			1				3	1			1									1					
711	RO	ROU	TOTAL				1	1							1		1	3	1	1	2	3	3	5	3	4	2	6	9	7	6	3	3	2		1	1	3	1	2	1	3	1	1	1	
712	RU	RUS	Drought														1					1					1							1		1										
713	RU	RUS	Extreme temperature														1	1	2		1	1	2	3	3	1			1					3		2										
714	RU	RUS	Flood													1	2	5		2	1	4	1	8	3	4	1	3	5	3	1			2	2	4	2	1	1	3	1	2	4		3	1
715	RU	RUS	Landslide													1	2		1	1				2		1			1																1	
716	RU	RUS	Storm															2	3			1	1	1	2	2	1	3	2		1				1						1					1
717	RU	RUS	TOTAL													3	6	8	6	4	3	8	5	19	10	11	4	7	9	3	2			8	3	8	2	1	2	3	2	2	5		5	3
718	RU	RUS	Wildfire													1				1	1	1	1	5	2	3	1	1						2		1			1				1		1	1
719	RW	RWA	Drought					1					1							1			1				1																			
720	RW	RWA	Flood									1													2	1	1				2	1			1	1			1	1		3	2	5	1	3
721	RW	RWA	Landslide																											1				2						1		1				
722	RW	RWA	Storm																																						2					
723	RW	RWA	TOTAL					1				1	1							1			1		2	1	2			1	2	1		2	1	1			1	2	2	4	2	5	1	3
724		BLM	Storm																																						1					
725		BLM	TOTAL																																						1					
726	SH	SHN	Storm																						1																					
727	SH	SHN	TOTAL																						1																					
728		MAF	Storm																																						1					
729		MAF	TOTAL																																						1					
730	WS	WSM	Drought																																				1							
731	WS	WSM	Flood																						1																					
732	WS	WSM	Storm				1						1	1	1													1	1							1						1				
733	WS	WSM	TOTAL				2						1	1	1										1			1	1							1			1			1				
734	WS	WSM	Wildfire				1																																							
735	ST	STP	Drought				1																																							
736	ST	STP	Flood																																										1	
737	ST	STP	TOTAL				1																																						1	
738	SA	SAU	Flood						1																	1	2	1	2				1	2	1	1	2		2	2	1		3	1		
739	SA	SAU	Storm			1																																		1						
740	SA	SAU	TOTAL			1			1																	1	2	1	2				1	2	1	1	2		2	3	1		3	1		
741	SN	SEN	Drought	1																						1									1			1				1				
742	SN	SEN	Flood				1		1			1					1	1				1		1		1	1		1		1	1	1	2	1	1	1			1			1	1		1
743	SN	SEN	Storm																				2					1																		
744	SN	SEN	TOTAL	1			1		1			1					1	1				1	2	1		2	1	1	1		1	1	1	2	2	1	1	1		1		1	1	1		1
745	CS	SCG	Extreme temperature																					1					1																	
746	CS	SCG	Flood													1							2	2		1			1	2																
747	CS	SCG	Storm																										1																	
748	CS	SCG	TOTAL													1							2	4		1			3	2																
749	CS	SCG	Wildfire																					1																						
750	RS	SRB	Extreme temperature																												1		1	2		3		1			1					
751	RS	SRB	Flood																												1		1	3			2	4		2		1	1	1	1	
752	RS	SRB	TOTAL																												2		2	5		3	2	5		2	1	1	1	1	1	
753	SC	SYC	Flood																		1																	1								
754	SC	SYC	Storm																							1											1									
755	SC	SYC	TOTAL																		1					1											1	1								
756	SL	SLE	Flood																	1								1	1		1		1	1	1				1				2			1
757	SL	SLE	Landslide																															1							1					
758	SL	SLE	Storm					1															1																							
759	SL	SLE	TOTAL					1												1			1					1	1		1		1	2	1		1		1		1		2			1
760	SL	SLE	Wildfire																																		1									
761	SX	SXM	Storm																																						1					
762	SX	SXM	TOTAL																																						1					
763	SK	SVK	Extreme temperature																								1		1		1			1		1										
764	SK	SVK	Flood																		1	1	1		1	1		1	1	2				2			1							1	1	
765	SK	SVK	Storm																									1													1		1			
766	SK	SVK	TOTAL																		1	1	1	1	1	1	1	2	2	2	1			3		1	1				1		1	1	1	
767	SK	SVK	Wildfire																					1																						
768	SI	SVN	Extreme temperature																								1											1								
769	SI	SVN	Flood																										1							1		1							1	
770	SI	SVN	Storm																												2													1		
771	SI	SVN	TOTAL																								1		1		2					1		2						1	1	
772	SB	SLB	Drought																		1	1																	1							
773	SB	SLB	Flood																														1	1		1	1	1								
774	SB	SLB	Storm			1			1	1						1	1									1	2							1	1				2			1		1		
775	SB	SLB	TOTAL			1			1	1						1	1				1	1				1	2						1	2	1	1	1	1	3			1		1		
776	SO	SOM	Drought	1			1				1	1											1					1	1			1		1	1			1	1				1	1		
777	SO	SOM	Flood		1						1		2					1	1	1	2			3	1	1	2	1	2	5	2	1	1	2	1	2	2	1	2	1		1	1	2	1	1
778	SO	SOM	Storm															1																			1		2			1	1	1		
779	SO	SOM	TOTAL	1	1		1				2	1	2					2	1	1	2		1	3	1	1	2	2	3	5	2	2	1	3	2	2	3	2	5	1		2	3	4	1	1
780	ZA	ZAF	Drought	1	1					1		1		1					1									1											1		1		1		1	
781	ZA	ZAF	Extreme temperature																	1											1									1						
782	ZA	ZAF	Flood		1						1	1					1	1	1	2	1		2	3	2	1	1	1		2	1	1	2		1	1		1		2	1		4	1	1	8
783	ZA	ZAF	Landslide																	1																										
784	ZA	ZAF	Storm				1	2						1			1	1				1	2	1	2	4	1					1	2	1	2	1	1				2		1	1	2	
785	ZA	ZAF	TOTAL	1	2		1	2		1	1	2		2	1		2	2	2	4	1	2	5	5	6	6	2	2		2	3	3	4	1	3	2	1	1	1	3	5		6	2	4	8
786	ZA	ZAF	Wildfire												1							1	1	1	2	1					1	1									1					
787	SS	SSD	Drought																														1							1					1	
788	SS	SSD	Flood																													3		2		2	2			1			2	1	1	1
789	SS	SSD	TOTAL																													3	1	2		2	2			2			3	1	2	1
790	SS	SSD	Wildfire																																								1			
791		SUN	Flood		1	2	2	2	2		1	1	1	4	2																															
792		SUN	Landslide								2		2	1																																
793		SUN	Storm		1		1	1							1																															
794		SUN	TOTAL		2	2	3	3	2		4	1	3	5	3																															
795		SUN	Wildfire								1																																			
796	ES	ESP	Drought	1	1									1									1																							
797	ES	ESP	Extreme temperature						1										2								1	1	1	1												1	1			1
798	ES	ESP	Flood			2	2				1		1					1		1	1			2		1		1		1	3			1	1	1	1		2	1		1	4		2	
799	ES	ESP	Landslide																	1																										
800	ES	ESP	Storm					2			1		2	2				1			1	1	1	2	1						1		1	1			1	1				1	3	1	1	
801	ES	ESP	TOTAL	1	1	2	2	3	3		2		3	3	1			4	2	2	2	2	2	5	1	1	2	3	2	3	4		2	2	1	2	2	1	2	1	2	4	8	1	3	2
802	ES	ESP	Wildfire					1	2						1			2				1		1			1	1	1	1			1			1					2	1				1
803	LK	LKA	Drought	1	1	1					1	1													1											1		1		1			1			
804	LK	LKA	Flood		1	2	1	4		1			1	2	1	2	2	3	1	1	1	2	1	2	1	1	1	1	1	1	3	3	3	2	3	1	2	3	2	1	2	3	5	2	4	3
805	LK	LKA	Landslide														1																					3								
806	LK	LKA	Storm						1															1								1			1	1	1				1			1	1	2
807	LK	LKA	TOTAL	1	2	3	1	4	1	1	1	1	1	2	1	2	3	3	1	1	1	2	1	3	2	1	1	1	1	1	3	4	3	2	4	3	3	7	2	2	3	3	6	3	5	5
808	KN	KNA	Flood								1																																			
809	KN	KNA	Storm					1					1	1					1			1	1									1									1					
810	KN	KNA	TOTAL					1			1		1	1					1			1	1									1									1					
811	LC	LCA	Drought																															1												
812	LC	LCA	Flood																															1			1									1
813	LC	LCA	Landslide																	1																										
814	LC	LCA	Storm	1			1			1	1	1						1					1					1			1			1						1					1	
815	LC	LCA	TOTAL	1			1			1	1	1						1		1			1					1			1			3			1			1					1	1
816	VC	VCT	Drought																															1												
817	VC	VCT	Flood							1	1					1																			1		1			1						
818	VC	VCT	Storm	1							1												1			1		1	1					1						1					1	
819	VC	VCT	TOTAL	1						1	2					1							1			1		1	1					2	1		1			2					1	
820	SD	SDN	Drought	1			1				1			1	1					1			1												1				1							1
821	SD	SDN	Extreme temperature																																				1							
822	SD	SDN	Flood				2					1					1	1		3	1	1	4		1	1	1		2	3	1		1	2		1	1	1	1	1	1	3	2	1	1	1
823	SD	SDN	Storm																							1									1										1	
824	SD	SDN	TOTAL	1			3				1	1		1	1		1	1		4	1	2	5		1	2	1		2	3	1		1	2	2	1	1	1	3	1	1	3	2	1	2	2
825	SD	SDN	Wildfire																			1																								
826	SR	SUR	Flood																											1		1													1	1
827	SR	SUR	TOTAL																											1		1													1	1
828	SE	SWE	Extreme temperature																										1																	
829	SE	SWE	Flood						1																																				1	
830	SE	SWE	Storm											2									1			1			1								1							1		
831	SE	SWE	TOTAL						1					2									1			1			2								1					1		1	1	
832	SE	SWE	Wildfire																																							1				
833	CH	CHE	Extreme temperature																						1		1		1					1		2										
834	CH	CHE	Flood				1				1										1		1						1	1	1														1	
835	CH	CHE	Landslide									1											1	1		2																			1	
836	CH	CHE	Storm			1	2	1	1	2	1			4			3	1				1	1			1	1			1	2		1	1	1		2	1				1	1	1	1	
837	CH	CHE	TOTAL			1	3	1	1	2	2	1		4			3	1			1	1	3	1	1	3	2		2	2	3		1	2	1	2	2	1				1	1	1	3	
838	SY	SYR	Drought																				1									1													1	
839	SY	SYR	Flood																											1													1		1	
840	SY	SYR	Landslide																							1																				
841	SY	SYR	Storm																						1			1											2							1
842	SY	SYR	TOTAL																				1		1	1		1		1		1							2				1	1	2	1
843	SY	SYR	Wildfire																																									1		
844	TW	TWN	Extreme temperature																																					1						
845	TW	TWN	Flood					1													1	1							1	1						1					1					
846	TW	TWN	Landslide							1																																				
847	TW	TWN	Storm		1		1			2	1		1	2	1	1		5		2	1	2		2	5	2	1	5	4	2	2	5	1	2		2	3	2	3	3	1	1	1	1	2	1
848	TW	TWN	TOTAL		1		1	1		3	1		1	2	1	1		5		2	2	3		2	5	2	1	5	5	3	2	5	1	2		3	3	2	3	4	2	1	1	1	2	1
849	TJ	TJK	Drought																					1								1														
850	TJ	TJK	Extreme temperature																													1				1	1									
851	TJ	TJK	Flood													1		1		1		2	1		1	4	1	1	2		2		1	2	1	1		2	2	1	1	1	1	1	1	
852	TJ	TJK	Landslide													1	1				1	1			1		2		1	2	1								1		1				1	
853	TJ	TJK	Storm																				1		1																					
854	TJ	TJK	TOTAL													2	1	1		1	1	3	2	1	3	4	3	1	3	2	3	2	1	2	1	2	1	2	3	1	2	1	1	1	2	
855	TZ	TZA	Drought					1				1		1						1							1	1		1					1										1	
856	TZ	TZA	Flood			1				1		1	1	2			2	1	2		2	2		1	1	1	1		1	2		2	2		3	1		2	1	3	1	1	4	4	1	1
857	TZ	TZA	Landslide																						1																					
858	TZ	TZA	Storm															1														2	1						1				1		1	
859	TZ	TZA	TOTAL			1		1		1		2	1	3			2	2	2	1	3	2		1	2	1	2	1	1	3		4	3		4	1		2	2	3	1	1	5	4	3	1
860	TZ	TZA	Wildfire																		1																									
861	TH	THA	Drought												1		1						1			1			1			1		1	1	1		1	1				1			
862	TH	THA	Extreme temperature																																			1		1						
863	TH	THA	Flood	1			1	2	1	1	1	1			2		3	3	1	1	1		6	4	5	2	3	3	2	3	5	3	1	1	2	1	3	4		3	4		1	3	5	9
864	TH	THA	Landslide															1								1		1																		
865	TH	THA	Storm		2								1	1	1	4	2	3	1	1	2			1	1	2	1	2	2			2			1			1	1		2		1	4	1	2
866	TH	THA	TOTAL	1	2		1	2	1	1	1	1	1	1	4	4	6	7	2	2	3		7	5	6	6	4	6	6	3	5	6	1	2	4	2	3	7	2	4	6		3	7	6	11
867	TH	THA	Wildfire																										1																	
868	TL	TLS	Drought																												1									1						
869	TL	TLS	Flood																						1		2				2													1		
870	TL	TLS	Storm																											1															1	
871	TL	TLS	TOTAL																						1		2			1	3									1				1	1	
872	TG	TGO	Drought	1									1																																	
873	TG	TGO	Flood															1	2			1	1							1	1	1	1	2							1			1		1
874	TG	TGO	TOTAL	1									1					1	2			1	1							1	1	1	1	2							1			1		1
875	TK	TKL	Storm								1			1															1																	
876	TK	TKL	TOTAL								1			1															1																	
877	TO	TON	Drought																																				1							
878	TO	TON	Storm			2								1							1	2			1			1							1			1		3		1		1		
879	TO	TON	TOTAL			2								1							1	2			1			1							1			1	1	3		1		1		
880	TT	TTO	Drought																															1												
881	TT	TTO	Flood														1			1																						1				1
882	TT	TTO	Landslide																									1																		
883	TT	TTO	Storm											1														1	1																	
884	TT	TTO	TOTAL											1			1			1								2	1					1								1				1
885	TN	TUN	Drought									1																																		
886	TN	TUN	Flood			1				1				1													2				2		1									2		1	1	1
887	TN	TUN	TOTAL			1				1		1		1													2				2		1								1	2		1	2	1
888	TN	TUN	Wildfire																																						1				1	
889	TR	TUR	Extreme temperature								1							1						1	1			1	1		1															
890	TR	TUR	Flood	1	1			1				1		2	1				2			3		1	3	1	1	3	2	2	3		2		1	1			2				3	3	2	3
891	TR	TUR	Landslide	1								1					1		1						1				1				2	1			1					1		1		
892	TR	TUR	Storm												1			1								1		3	1												1			1		
893	TR	TUR	TOTAL	2	1			1	1		1	2		2	2		1	2	3	1		3		4	5	2	1	7	5	2	4	1	4	1	1	1	1		2		1	1	3	5	3	3
894	TR	TUR	Wildfire						1											1				2								1													1	
895	TM	TKM	Flood														1																													
896	TM	TKM	TOTAL														1																													
897	TC	TCA	Storm						1					1														1				3									1					
898	TC	TCA	TOTAL						1					1														1				3									1					
899	TV	TUV	Drought																																1										1	
900	TV	TUV	Storm					1			1			1			1																						1					1		
901	TV	TUV	TOTAL					1			1			1			1																		1				1					1	1	
902	UG	UGA	Drought								1											1	1			1			1			1		1												1
903	UG	UGA	Flood																		1	1			2	2	2	2		2	2	1			1	1	1			1	1		5	5	3	3
904	UG	UGA	Landslide																		1				1									1		1				1		1	3			1
905	UG	UGA	Storm																					2		1									1									1		
906	UG	UGA	TOTAL								1										2	2	1	2	3	4	2	2	1	2	2	2		2	2	2	1			2	1	1	8	6	3	5
907	UA	UKR	Drought																																	1										
908	UA	UKR	Extreme temperature																					1					1			1	1			2				1	1					
909	UA	UKR	Flood														2		1	1	1	1			1		1		1	2		1		1			1			1				1		
910	UA	UKR	Storm													1					1			3							2											1			1	
911	UA	UKR	TOTAL													1	2		1	1	2	1		4	1		1		2	2	2	2	1	1		3	1			2	1	1		3	1	
912	UA	UKR	Wildfire																																									2		
913	AE	ARE	Flood																																						1					
914	AE	ARE	TOTAL																																						1					
915	GB	GBR	Drought																																											1
916	GB	GBR	Extreme temperature												1						1						1		2				1	1			1					1	2	1		1
917	GB	GBR	Flood														2	2			2	1	1	3	2	3		1			3	2	1			5	1	1	1		1		1	1		
918	GB	GBR	Storm		1		1	1		1	1		1	7	1				1	1		3	2	3		2			2		1	1	1	1			3	1	1			1		1	1	3
919	GB	GBR	TOTAL		1		1	1		1	1		1	7	2		2	2	1	1	3	4	3	6	2	5	1	1	4		4	3	3	2		5	5	2	2		1	2	3	3	1	5
920	US	USA	Drought									1			2								1	2		1					1				1	2		1	1		1	1		1	1	1
921	US	USA	Extreme temperature	1			1			1	1		1	2			1		2			1	1	1	1	1		1	1	2		1	1		1	1	1	1							1	
922	US	USA	Flood	3	1	2	2	3	5	3		3		4	14		6	1	5	4	8	7	1	8	5	4	4	4	6	11	6	4	4	3	4	1	7	2	5	6	3	3	4	2	12	3
923	US	USA	Landslide															1									1											1				1				
924	US	USA	Storm	3	3	11	6	11	10	2	8	18	16	15	17	27	20	9	10	9	23	20	16	12	17	15	14	12	8	12	13	14	10	12	14	19	15	13	19	16	17	11	14	19	23	17
925	US	USA	TOTAL	7	4	13	9	14	15	6	9	22	17	21	35	29	28	14	17	14	33	32	22	30	26	29	22	20	16	28	23	21	17	15	23	25	28	19	29	26	24	19	20	23	43	25
926	US	USA	Wildfire												2	2	1	3		1	2	4	3	7	3	8	3	3	1	3	3	2	2		3	2	5	1	4	4	3	3	2	1	6	4
927	VI	VIR	Storm										1						2			1	1					1													2					
928	VI	VIR	TOTAL										1						2			1	1					1													2					
929	UY	URY	Drought																				1																			1				
930	UY	URY	Extreme temperature																					1				1			1			1												
931	UY	URY	Flood							1					1	1						1		1	1	1	1				2		1						3	1	1		3	1		1
932	UY	URY	Storm														1				1		1	1		1			1															1		
933	UY	URY	TOTAL							1					1	1	1				1	1	2	3	1	2	1	1	1		3		1	1					3	1	1	1	3	2		1
934	UZ	UZB	Drought																					1																						
935	UZ	UZB	Flood																										1															1		1
936	UZ	UZB	Landslide																				1																						1	
937	UZ	UZB	TOTAL																				1	1					1															1	1	1
938	VU	VUT	Flood																							1							1													
939	VU	VUT	Landslide									1																																		
940	VU	VUT	Storm		2				1		1	2				2	1					1	1		2			1							2			1	1		1			1		
941	VU	VUT	TOTAL		2				1		1	3				2	1					1	1		2	1		1					1		2			1	1		1			1		
942	VE	VEN	Drought																														1													
943	VE	VEN	Flood						1		1	2						1		2	1		3	2		1	2	1	4	1		1		1	3	1			1	1		2	1	1	2	5
944	VE	VEN	Landslide		1						1							1																												2
945	VE	VEN	Storm									1					1											1						1												1
946	VE	VEN	TOTAL		1				1		2	3					1	2		2	1		3	2		1	2	2	4	1		1	1	2	3	1			1	1		2	1	1	2	8
947	VN	VNM	Drought								1										1		1			1			1										1				1			
948	VN	VNM	Flood	1				1	1	1				1	3	2	1	1	1	2		1	3	2	4	3	3	3	5	5	5	5	2	4	3	1	6		2	4	5	3	5	1	3	5
949	VN	VNM	Landslide													1		1						2				1					1													
950	VN	VNM	Storm	2		1	3	2	1	1	2	2	3	3	4	2	3	1	1	4	3	3	1	7	3	1	1	2	4	6	1	5	3	3	2	3	4	3	2	4	4	4	2	10	5	3
951	VN	VNM	TOTAL	3		1	3	3	2	2	3	2	3	4	7	5	4	3	2	6	4	4	5	11	7	6	4	6	10	11	6	10	6	7	5	4	10	3	5	8	9	7	8	11	8	8
952	VN	VNM	Wildfire																							1																				
953	WF	WLF	Storm							1																										1										
954	WF	WLF	TOTAL							1																										1										
955	PS	PSE	Extreme temperature																																									1		1
956	PS	PSE	Flood																													1		1		1	1									
957	PS	PSE	Storm																																		1		2							
958	PS	PSE	TOTAL																													1		1		1	2		2					1		1
959	YE	YEM	Flood												1		1			2		2	1		1	4	1		2	2	3	1		2			1			1	1		3	5	2	3
960	YE	YEM	Landslide																										1				1							1						
961	YE	YEM	Storm																						2														2			2				
962	YE	YEM	TOTAL												1		1			2		2	1		3	4	1		3	2	3	1	1	2			1		2	2	1	2	3	5	2	3
963	ZM	ZMB	Drought		1		1							1					1										1														1		1	
964	ZM	ZMB	Flood										1									1		1	1		2	1	1		3	1	1	1	1		1	1					1	3		1
965	ZM	ZMB	Landslide																															1												
966	ZM	ZMB	TOTAL		1		1						1	1					1			1		1	1		2	1	2		3	1	1	2	1		1	1					2	3	1	1
967	ZW	ZWE	Drought		1									1								1			1						1			1			1				1				1	
968	ZW	ZWE	Flood																			1		1	1		1				2			1	1		1	2					1			1
969	ZW	ZWE	Storm																								1				1								1	1	1		1		1	1
970	ZW	ZWE	TOTAL		1									1								2		1	2		2				4			2	1		2	2	1	1	2		2		2	2